,popularity
0,65.0
1,69.0
2,55.0
3,50.0
4,66.0
5,53.0
6,43.0
7,46.0
8,43.0
9,43.0
10,43.0
11,43.0
12,51.0
13,57.0
14,48.0
15,43.0
16,47.0
17,49.0
18,47.0
19,44.0
20,42.0
21,45.0
22,0.0
23,0.0
24,0.0
25,0.0
26,0.0
27,0.0
28,0.0
29,0.0
30,0.0
31,0.0
32,0.0
33,0.0
34,0.0
35,0.0
36,23.0
37,33.0
38,19.0
39,57.0
40,25.0
41,15.0
42,16.0
43,22.0
44,14.0
45,14.0
46,30.0
47,7.0
48,11.0
49,8.0
50,9.0
51,4.0
52,8.0
53,20.0
54,8.0
55,7.0
56,13.0
57,0.0
58,7.0
59,31.0
60,41.0
61,37.0
62,28.0
63,28.0
64,27.0
65,24.0
66,25.0
67,25.0
68,26.0
69,26.0
70,26.0
71,23.0
72,37.0
73,24.0
74,25.0
75,25.0
76,26.0
77,0.0
78,0.0
79,0.0
80,0.0
81,0.0
82,0.0
83,0.0
84,0.0
85,0.0
86,0.0
87,0.0
88,0.0
89,0.0
90,0.0
91,0.0
92,0.0
93,0.0
94,44.0
95,32.0
96,25.0
97,23.0
98,19.0
99,26.0
100,17.0
101,18.0
102,17.0
103,20.0
104,16.0
105,17.0
106,18.0
107,16.0
108,4.0
109,4.0
110,1.0
111,6.0
112,8.0
113,8.0
114,15.0
115,17.0
116,15.0
117,13.0
118,12.0
119,15.0
120,16.0
121,19.0
122,12.0
123,13.0
124,13.0
125,14.0
126,11.0
127,46.0
128,24.0
129,29.0
130,29.0
131,24.0
132,28.0
133,28.0
134,21.0
135,18.0
136,19.0
137,28.0
138,4.0
139,5.0
140,1.0
141,3.0
142,3.0
143,2.0
144,29.0
145,25.0
146,17.0
147,27.0
148,14.0
149,28.0
150,17.0
151,28.0
152,15.0
153,35.0
154,17.0
155,14.0
156,16.0
157,14.0
158,25.0
159,12.0
160,10.0
161,23.0
162,11.0
163,12.0
164,7.0
165,12.0
166,12.0
167,11.0
168,15.0
169,40.0
170,33.0
171,29.0
172,36.0
173,12.0
174,13.0
175,12.0
176,10.0
177,8.0
178,13.0
179,14.0
180,9.0
181,9.0
182,10.0
183,6.0
184,9.0
185,38.0
186,27.0
187,7.0
188,11.0
189,6.0
190,6.0
191,5.0
192,16.0
193,14.0
194,20.0
195,12.0
196,13.0
197,6.0
198,6.0
199,9.0
200,5.0
201,8.0
202,5.0
203,6.0
204,3.0
205,3.0
206,2.0
207,3.0
208,2.0
209,4.0
210,4.0
211,3.0
212,2.0
213,3.0
214,2.0
215,22.0
216,6.0
217,3.0
218,2.0
219,3.0
220,3.0
221,2.0
222,2.0
223,1.0
224,2.0
225,1.0
226,2.0
227,2.0
228,2.0
229,2.0
230,0.0
231,12.0
232,16.0
233,2.0
234,1.0
235,2.0
236,1.0
237,5.0
238,1.0
239,1.0
240,0.0
241,0.0
242,1.0
243,1.0
244,20.0
245,39.0
246,17.0
247,26.0
248,14.0
249,16.0
250,13.0
251,11.0
252,11.0
253,12.0
254,3.0
255,3.0
256,1.0
257,1.0
258,0.0
259,0.0
260,0.0
261,0.0
262,1.0
263,0.0
264,0.0
265,1.0
266,0.0
267,0.0
268,0.0
269,0.0
270,0.0
271,59.0
272,33.0
273,31.0
274,46.0
275,34.0
276,30.0
277,28.0
278,28.0
279,28.0
280,37.0
281,29.0
282,28.0
283,29.0
284,22.0
285,14.0
286,8.0
287,6.0
288,11.0
289,6.0
290,9.0
291,8.0
292,5.0
293,4.0
294,5.0
295,7.0
296,5.0
297,4.0
298,5.0
299,69.0
300,45.0
301,33.0
302,47.0
303,32.0
304,47.0
305,39.0
306,33.0
307,53.0
308,31.0
309,35.0
310,37.0
311,0.0
312,0.0
313,0.0
314,27.0
315,16.0
316,21.0
317,22.0
318,22.0
319,25.0
320,28.0
321,22.0
322,35.0
323,39.0
324,29.0
325,22.0
326,35.0
327,20.0
328,31.0
329,35.0
330,0.0
331,0.0
332,0.0
333,5.0
334,3.0
335,2.0
336,2.0
337,3.0
338,2.0
339,2.0
340,4.0
341,3.0
342,3.0
343,3.0
344,3.0
345,7.0
346,4.0
347,2.0
348,3.0
349,2.0
350,1.0
351,2.0
352,2.0
353,4.0
354,6.0
355,0.0
356,0.0
357,0.0
358,0.0
359,0.0
360,0.0
361,0.0
362,0.0
363,0.0
364,0.0
365,0.0
366,0.0
367,28.0
368,20.0
369,23.0
370,20.0
371,22.0
372,15.0
373,27.0
374,26.0
375,15.0
376,24.0
377,18.0
378,14.0
379,3.0
380,3.0
381,0.0
382,1.0
383,0.0
384,1.0
385,1.0
386,0.0
387,0.0
388,1.0
389,10.0
390,8.0
391,9.0
392,9.0
393,15.0
394,7.0
395,10.0
396,9.0
397,7.0
398,7.0
399,10.0
400,10.0
401,33.0
402,9.0
403,6.0
404,5.0
405,4.0
406,4.0
407,9.0
408,3.0
409,2.0
410,3.0
411,5.0
412,14.0
413,23.0
414,14.0
415,10.0
416,12.0
417,12.0
418,14.0
419,9.0
420,13.0
421,12.0
422,11.0
423,8.0
424,9.0
425,9.0
426,21.0
427,0.0
428,0.0
429,0.0
430,0.0
431,0.0
432,0.0
433,0.0
434,0.0
435,20.0
436,16.0
437,19.0
438,23.0
439,12.0
440,17.0
441,15.0
442,13.0
443,12.0
444,13.0
445,22.0
446,57.0
447,26.0
448,24.0
449,25.0
450,25.0
451,26.0
452,22.0
453,19.0
454,23.0
455,19.0
456,22.0
457,2.0
458,1.0
459,1.0
460,0.0
461,1.0
462,0.0
463,0.0
464,0.0
465,0.0
466,0.0
467,0.0
468,1.0
469,1.0
470,0.0
471,0.0
472,2.0
473,0.0
474,0.0
475,1.0
476,0.0
477,2.0
478,3.0
479,1.0
480,1.0
481,1.0
482,1.0
483,1.0
484,0.0
485,1.0
486,2.0
487,1.0
488,2.0
489,1.0
490,0.0
491,3.0
492,1.0
493,2.0
494,0.0
495,0.0
496,0.0
497,0.0
498,0.0
499,0.0
500,0.0
501,0.0
502,0.0
503,0.0
504,0.0
505,0.0
506,0.0
507,0.0
508,0.0
509,0.0
510,0.0
511,0.0
512,0.0
513,0.0
514,0.0
515,0.0
516,0.0
517,0.0
518,0.0
519,0.0
520,0.0
521,0.0
522,0.0
523,0.0
524,0.0
525,0.0
526,0.0
527,0.0
528,0.0
529,0.0
530,0.0
531,37.0
532,52.0
533,33.0
534,43.0
535,41.0
536,29.0
537,54.0
538,28.0
539,30.0
540,22.0
541,25.0
542,25.0
543,27.0
544,28.0
545,27.0
546,33.0
547,24.0
548,24.0
549,23.0
550,23.0
551,32.0
552,26.0
553,20.0
554,0.0
555,39.0
556,35.0
557,38.0
558,35.0
559,37.0
560,36.0
561,38.0
562,35.0
563,33.0
564,35.0
565,36.0
566,11.0
567,13.0
568,27.0
569,11.0
570,12.0
571,11.0
572,12.0
573,13.0
574,12.0
575,13.0
576,10.0
577,10.0
578,9.0
579,10.0
580,10.0
581,10.0
582,8.0
583,7.0
584,7.0
585,9.0
586,15.0
587,42.0
588,11.0
589,16.0
590,11.0
591,21.0
592,15.0
593,16.0
594,9.0
595,9.0
596,12.0
597,20.0
598,10.0
599,9.0
600,16.0
601,74.0
602,29.0
603,39.0
604,33.0
605,42.0
606,39.0
607,29.0
608,26.0
609,25.0
610,26.0
611,24.0
612,27.0
613,0.0
614,51.0
615,53.0
616,43.0
617,41.0
618,41.0
619,37.0
620,37.0
621,36.0
622,37.0
623,38.0
624,46.0
625,42.0
626,37.0
627,36.0
628,33.0
629,0.0
630,0.0
631,0.0
632,0.0
633,0.0
634,0.0
635,0.0
636,0.0
637,22.0
638,22.0
639,31.0
640,23.0
641,21.0
642,26.0
643,20.0
644,20.0
645,23.0
646,26.0
647,7.0
648,5.0
649,16.0
650,5.0
651,7.0
652,5.0
653,5.0
654,5.0
655,5.0
656,4.0
657,5.0
658,17.0
659,9.0
660,46.0
661,11.0
662,8.0
663,10.0
664,13.0
665,9.0
666,8.0
667,12.0
668,19.0
669,27.0
670,17.0
671,17.0
672,18.0
673,16.0
674,21.0
675,16.0
676,15.0
677,13.0
678,0.0
679,0.0
680,1.0
681,0.0
682,1.0
683,0.0
684,0.0
685,0.0
686,0.0
687,0.0
688,6.0
689,3.0
690,2.0
691,4.0
692,3.0
693,3.0
694,3.0
695,8.0
696,3.0
697,5.0
698,2.0
699,3.0
700,3.0
701,13.0
702,2.0
703,3.0
704,3.0
705,3.0
706,3.0
707,2.0
708,8.0
709,3.0
710,4.0
711,9.0
712,4.0
713,2.0
714,4.0
715,5.0
716,2.0
717,3.0
718,3.0
719,3.0
720,3.0
721,2.0
722,3.0
723,8.0
724,2.0
725,2.0
726,0.0
727,1.0
728,1.0
729,1.0
730,1.0
731,1.0
732,3.0
733,1.0
734,1.0
735,0.0
736,0.0
737,0.0
738,0.0
739,0.0
740,0.0
741,0.0
742,0.0
743,0.0
744,0.0
745,0.0
746,0.0
747,0.0
748,0.0
749,0.0
750,0.0
751,15.0
752,12.0
753,11.0
754,12.0
755,7.0
756,10.0
757,9.0
758,9.0
759,8.0
760,8.0
761,9.0
762,5.0
763,6.0
764,0.0
765,0.0
766,2.0
767,0.0
768,0.0
769,0.0
770,0.0
771,0.0
772,0.0
773,0.0
774,0.0
775,0.0
776,0.0
777,16.0
778,14.0
779,6.0
780,8.0
781,27.0
782,52.0
783,11.0
784,18.0
785,8.0
786,10.0
787,8.0
788,8.0
789,11.0
790,12.0
791,37.0
792,7.0
793,12.0
794,0.0
795,0.0
796,0.0
797,0.0
798,0.0
799,0.0
800,0.0
801,0.0
802,0.0
803,0.0
804,0.0
805,0.0
806,19.0
807,17.0
808,15.0
809,10.0
810,13.0
811,10.0
812,7.0
813,6.0
814,9.0
815,4.0
816,5.0
817,8.0
818,4.0
819,40.0
820,37.0
821,50.0
822,39.0
823,45.0
824,45.0
825,39.0
826,43.0
827,36.0
828,49.0
829,42.0
830,2.0
831,2.0
832,2.0
833,1.0
834,1.0
835,1.0
836,1.0
837,1.0
838,1.0
839,2.0
840,1.0
841,1.0
842,1.0
843,0.0
844,1.0
845,0.0
846,0.0
847,0.0
848,0.0
849,0.0
850,0.0
851,0.0
852,0.0
853,14.0
854,13.0
855,22.0
856,4.0
857,4.0
858,19.0
859,16.0
860,5.0
861,4.0
862,3.0
863,3.0
864,7.0
865,0.0
866,5.0
867,4.0
868,3.0
869,4.0
870,4.0
871,3.0
872,4.0
873,4.0
874,23.0
875,3.0
876,4.0
877,22.0
878,19.0
879,17.0
880,12.0
881,22.0
882,39.0
883,13.0
884,15.0
885,15.0
886,13.0
887,15.0
888,15.0
889,12.0
890,12.0
891,29.0
892,6.0
893,13.0
894,9.0
895,7.0
896,6.0
897,8.0
898,7.0
899,6.0
900,5.0
901,7.0
902,10.0
903,5.0
904,4.0
905,4.0
906,4.0
907,6.0
908,3.0
909,2.0
910,1.0
911,1.0
912,2.0
913,1.0
914,1.0
915,0.0
916,0.0
917,0.0
918,14.0
919,17.0
920,27.0
921,19.0
922,13.0
923,14.0
924,15.0
925,14.0
926,16.0
927,39.0
928,12.0
929,12.0
930,9.0
931,12.0
932,15.0
933,7.0
934,6.0
935,5.0
936,15.0
937,5.0
938,41.0
939,6.0
940,6.0
941,7.0
942,5.0
943,6.0
944,4.0
945,8.0
946,5.0
947,29.0
948,26.0
949,30.0
950,26.0
951,28.0
952,27.0
953,22.0
954,0.0
955,34.0
956,13.0
957,31.0
958,23.0
959,29.0
960,36.0
961,19.0
962,13.0
963,14.0
964,70.0
965,52.0
966,48.0
967,48.0
968,30.0
969,39.0
970,35.0
971,62.0
972,48.0
973,29.0
974,0.0
975,0.0
976,0.0
977,0.0
978,0.0
979,0.0
980,0.0
981,0.0
982,0.0
983,0.0
984,9.0
985,5.0
986,6.0
987,6.0
988,5.0
989,5.0
990,7.0
991,5.0
992,5.0
993,0.0
994,0.0
995,0.0
996,0.0
997,0.0
998,0.0
999,0.0
1000,13.0
1001,0.0
1002,6.0
1003,0.0
1004,0.0
1005,0.0
1006,0.0
1007,0.0
1008,0.0
1009,50.0
1010,16.0
1011,15.0
1012,12.0
1013,18.0
1014,20.0
1015,12.0
1016,12.0
1017,12.0
1018,10.0
1019,16.0
1020,12.0
1021,11.0
1022,0.0
1023,0.0
1024,0.0
1025,0.0
1026,0.0
1027,0.0
1028,66.0
1029,0.0
1030,0.0
1031,0.0
1032,0.0
1033,0.0
1034,0.0
1035,0.0
1036,0.0
1037,0.0
1038,0.0
1039,0.0
1040,0.0
1041,0.0
1042,2.0
1043,0.0
1044,0.0
1045,0.0
1046,0.0
1047,0.0
1048,0.0
1049,0.0
1050,0.0
1051,0.0
1052,0.0
1053,2.0
1054,0.0
1055,0.0
1056,0.0
1057,1.0
1058,1.0
1059,1.0
1060,0.0
1061,0.0
1062,3.0
1063,2.0
1064,2.0
1065,0.0
1066,0.0
1067,0.0
1068,0.0
1069,1.0
1070,1.0
1071,0.0
1072,1.0
1073,2.0
1074,0.0
1075,0.0
1076,0.0
1077,56.0
1078,28.0
1079,23.0
1080,32.0
1081,25.0
1082,33.0
1083,23.0
1084,24.0
1085,21.0
1086,59.0
1087,23.0
1088,27.0
1089,1.0
1090,1.0
1091,0.0
1092,0.0
1093,0.0
1094,0.0
1095,2.0
1096,1.0
1097,0.0
1098,5.0
1099,12.0
1100,0.0
1101,1.0
1102,29.0
1103,0.0
1104,20.0
1105,0.0
1106,0.0
1107,0.0
1108,0.0
1109,0.0
1110,0.0
1111,0.0
1112,1.0
1113,8.0
1114,8.0
1115,6.0
1116,4.0
1117,10.0
1118,4.0
1119,4.0
1120,3.0
1121,3.0
1122,3.0
1123,8.0
1124,4.0
1125,5.0
1126,8.0
1127,2.0
1128,4.0
1129,11.0
1130,3.0
1131,3.0
1132,7.0
1133,5.0
1134,1.0
1135,1.0
1136,0.0
1137,0.0
1138,6.0
1139,1.0
1140,1.0
1141,1.0
1142,1.0
1143,0.0
1144,27.0
1145,16.0
1146,24.0
1147,24.0
1148,17.0
1149,26.0
1150,24.0
1151,16.0
1152,16.0
1153,15.0
1154,48.0
1155,24.0
1156,11.0
1157,17.0
1158,1.0
1159,0.0
1160,0.0
1161,0.0
1162,0.0
1163,0.0
1164,0.0
1165,0.0
1166,0.0
1167,0.0
1168,0.0
1169,0.0
1170,0.0
1171,10.0
1172,6.0
1173,23.0
1174,7.0
1175,11.0
1176,8.0
1177,8.0
1178,8.0
1179,8.0
1180,8.0
1181,8.0
1182,7.0
1183,6.0
1184,6.0
1185,6.0
1186,6.0
1187,6.0
1188,5.0
1189,6.0
1190,22.0
1191,9.0
1192,7.0
1193,15.0
1194,6.0
1195,6.0
1196,6.0
1197,7.0
1198,72.0
1199,60.0
1200,60.0
1201,59.0
1202,59.0
1203,0.0
1204,0.0
1205,0.0
1206,0.0
1207,0.0
1208,0.0
1209,0.0
1210,0.0
1211,0.0
1212,0.0
1213,34.0
1214,46.0
1215,41.0
1216,31.0
1217,31.0
1218,59.0
1219,46.0
1220,36.0
1221,30.0
1222,32.0
1223,28.0
1224,30.0
1225,29.0
1226,27.0
1227,34.0
1228,38.0
1229,27.0
1230,64.0
1231,25.0
1232,28.0
1233,23.0
1234,28.0
1235,24.0
1236,26.0
1237,23.0
1238,28.0
1239,20.0
1240,9.0
1241,1.0
1242,1.0
1243,2.0
1244,1.0
1245,2.0
1246,1.0
1247,1.0
1248,1.0
1249,1.0
1250,0.0
1251,0.0
1252,0.0
1253,0.0
1254,0.0
1255,0.0
1256,0.0
1257,0.0
1258,0.0
1259,0.0
1260,0.0
1261,5.0
1262,6.0
1263,4.0
1264,3.0
1265,3.0
1266,2.0
1267,2.0
1268,2.0
1269,3.0
1270,3.0
1271,6.0
1272,2.0
1273,9.0
1274,2.0
1275,0.0
1276,0.0
1277,1.0
1278,0.0
1279,0.0
1280,0.0
1281,0.0
1282,1.0
1283,0.0
1284,0.0
1285,0.0
1286,1.0
1287,0.0
1288,0.0
1289,0.0
1290,0.0
1291,29.0
1292,0.0
1293,0.0
1294,0.0
1295,0.0
1296,0.0
1297,0.0
1298,0.0
1299,0.0
1300,0.0
1301,0.0
1302,0.0
1303,0.0
1304,0.0
1305,0.0
1306,0.0
1307,0.0
1308,0.0
1309,0.0
1310,0.0
1311,0.0
1312,0.0
1313,0.0
1314,0.0
1315,0.0
1316,0.0
1317,0.0
1318,1.0
1319,10.0
1320,11.0
1321,4.0
1322,12.0
1323,3.0
1324,2.0
1325,2.0
1326,1.0
1327,2.0
1328,1.0
1329,1.0
1330,1.0
1331,1.0
1332,2.0
1333,1.0
1334,1.0
1335,29.0
1336,28.0
1337,26.0
1338,25.0
1339,24.0
1340,49.0
1341,10.0
1342,6.0
1343,9.0
1344,3.0
1345,3.0
1346,2.0
1347,4.0
1348,9.0
1349,2.0
1350,2.0
1351,3.0
1352,2.0
1353,3.0
1354,2.0
1355,2.0
1356,1.0
1357,2.0
1358,2.0
1359,2.0
1360,2.0
1361,1.0
1362,2.0
1363,1.0
1364,1.0
1365,2.0
1366,3.0
1367,2.0
1368,2.0
1369,1.0
1370,1.0
1371,1.0
1372,1.0
1373,1.0
1374,1.0
1375,0.0
1376,0.0
1377,0.0
1378,0.0
1379,0.0
1380,0.0
1381,3.0
1382,23.0
1383,7.0
1384,2.0
1385,3.0
1386,3.0
1387,2.0
1388,2.0
1389,6.0
1390,4.0
1391,2.0
1392,1.0
1393,4.0
1394,6.0
1395,2.0
1396,0.0
1397,57.0
1398,71.0
1399,55.0
1400,0.0
1401,44.0
1402,41.0
1403,48.0
1404,40.0
1405,44.0
1406,43.0
1407,36.0
1408,42.0
1409,42.0
1410,42.0
1411,48.0
1412,0.0
1413,0.0
1414,0.0
1415,0.0
1416,0.0
1417,0.0
1418,0.0
1419,0.0
1420,0.0
1421,0.0
1422,0.0
1423,0.0
1424,0.0
1425,0.0
1426,0.0
1427,0.0
1428,0.0
1429,71.0
1430,67.0
1431,41.0
1432,43.0
1433,46.0
1434,68.0
1435,43.0
1436,39.0
1437,37.0
1438,42.0
1439,37.0
1440,39.0
1441,2.0
1442,3.0
1443,5.0
1444,3.0
1445,8.0
1446,7.0
1447,5.0
1448,8.0
1449,3.0
1450,4.0
1451,4.0
1452,2.0
1453,4.0
1454,2.0
1455,1.0
1456,1.0
1457,3.0
1458,0.0
1459,22.0
1460,6.0
1461,0.0
1462,16.0
1463,13.0
1464,6.0
1465,2.0
1466,0.0
1467,10.0
1468,3.0
1469,5.0
1470,2.0
1471,8.0
1472,5.0
1473,0.0
1474,0.0
1475,0.0
1476,0.0
1477,0.0
1478,0.0
1479,0.0
1480,0.0
1481,0.0
1482,0.0
1483,1.0
1484,1.0
1485,0.0
1486,0.0
1487,0.0
1488,0.0
1489,0.0
1490,3.0
1491,0.0
1492,0.0
1493,0.0
1494,0.0
1495,0.0
1496,0.0
1497,0.0
1498,0.0
1499,0.0
1500,0.0
1501,0.0
1502,0.0
1503,0.0
1504,0.0
1505,0.0
1506,0.0
1507,0.0
1508,0.0
1509,0.0
1510,1.0
1511,1.0
1512,0.0
1513,0.0
1514,0.0
1515,0.0
1516,0.0
1517,0.0
1518,0.0
1519,2.0
1520,0.0
1521,1.0
1522,1.0
1523,0.0
1524,1.0
1525,0.0
1526,0.0
1527,0.0
1528,0.0
1529,0.0
1530,0.0
1531,0.0
1532,0.0
1533,0.0
1534,0.0
1535,0.0
1536,0.0
1537,0.0
1538,0.0
1539,0.0
1540,0.0
1541,0.0
1542,0.0
1543,0.0
1544,0.0
1545,0.0
1546,0.0
1547,0.0
1548,0.0
1549,0.0
1550,0.0
1551,0.0
1552,0.0
1553,0.0
1554,0.0
1555,0.0
1556,0.0
1557,0.0
1558,0.0
1559,0.0
1560,0.0
1561,0.0
1562,0.0
1563,0.0
1564,0.0
1565,0.0
1566,0.0
1567,6.0
1568,12.0
1569,4.0
1570,5.0
1571,4.0
1572,4.0
1573,11.0
1574,4.0
1575,11.0
1576,4.0
1577,5.0
1578,65.0
1579,15.0
1580,8.0
1581,21.0
1582,10.0
1583,12.0
1584,7.0
1585,11.0
1586,16.0
1587,8.0
1588,20.0
1589,10.0
1590,16.0
1591,2.0
1592,3.0
1593,3.0
1594,2.0
1595,1.0
1596,0.0
1597,0.0
1598,0.0
1599,0.0
1600,0.0
1601,0.0
1602,0.0
1603,0.0
1604,0.0
1605,0.0
1606,0.0
1607,42.0
1608,47.0
1609,66.0
1610,39.0
1611,36.0
1612,31.0
1613,34.0
1614,32.0
1615,29.0
1616,30.0
1617,29.0
1618,27.0
1619,20.0
1620,36.0
1621,22.0
1622,23.0
1623,14.0
1624,19.0
1625,10.0
1626,22.0
1627,29.0
1628,11.0
1629,11.0
1630,0.0
1631,0.0
1632,0.0
1633,0.0
1634,0.0
1635,0.0
1636,0.0
1637,0.0
1638,0.0
1639,0.0
1640,0.0
1641,0.0
1642,0.0
1643,1.0
1644,0.0
1645,25.0
1646,24.0
1647,29.0
1648,38.0
1649,25.0
1650,20.0
1651,21.0
1652,29.0
1653,17.0
1654,25.0
1655,28.0
1656,26.0
1657,27.0
1658,23.0
1659,15.0
1660,30.0
1661,33.0
1662,24.0
1663,18.0
1664,21.0
1665,26.0
1666,16.0
1667,24.0
1668,17.0
1669,21.0
1670,17.0
1671,14.0
1672,15.0
1673,9.0
1674,13.0
1675,5.0
1676,17.0
1677,4.0
1678,9.0
1679,10.0
1680,4.0
1681,8.0
1682,11.0
1683,3.0
1684,4.0
1685,3.0
1686,0.0
1687,0.0
1688,0.0
1689,2.0
1690,1.0
1691,3.0
1692,2.0
1693,1.0
1694,1.0
1695,3.0
1696,1.0
1697,1.0
1698,1.0
1699,1.0
1700,1.0
1701,2.0
1702,2.0
1703,1.0
1704,2.0
1705,3.0
1706,2.0
1707,1.0
1708,3.0
1709,16.0
1710,8.0
1711,8.0
1712,7.0
1713,7.0
1714,7.0
1715,20.0
1716,6.0
1717,13.0
1718,6.0
1719,29.0
1720,8.0
1721,9.0
1722,8.0
1723,7.0
1724,0.0
1725,0.0
1726,0.0
1727,0.0
1728,0.0
1729,3.0
1730,0.0
1731,0.0
1732,0.0
1733,0.0
1734,0.0
1735,0.0
1736,5.0
1737,5.0
1738,5.0
1739,6.0
1740,6.0
1741,5.0
1742,6.0
1743,4.0
1744,7.0
1745,7.0
1746,4.0
1747,0.0
1748,0.0
1749,0.0
1750,0.0
1751,0.0
1752,0.0
1753,1.0
1754,0.0
1755,1.0
1756,0.0
1757,0.0
1758,0.0
1759,0.0
1760,0.0
1761,0.0
1762,0.0
1763,0.0
1764,0.0
1765,2.0
1766,1.0
1767,3.0
1768,2.0
1769,2.0
1770,2.0
1771,2.0
1772,2.0
1773,1.0
1774,2.0
1775,2.0
1776,4.0
1777,2.0
1778,6.0
1779,2.0
1780,1.0
1781,1.0
1782,2.0
1783,3.0
1784,2.0
1785,2.0
1786,1.0
1787,1.0
1788,2.0
1789,2.0
1790,19.0
1791,2.0
1792,1.0
1793,2.0
1794,1.0
1795,9.0
1796,1.0
1797,4.0
1798,3.0
1799,2.0
1800,2.0
1801,2.0
1802,2.0
1803,3.0
1804,27.0
1805,19.0
1806,25.0
1807,16.0
1808,17.0
1809,17.0
1810,19.0
1811,15.0
1812,18.0
1813,17.0
1814,23.0
1815,16.0
1816,15.0
1817,2.0
1818,35.0
1819,0.0
1820,26.0
1821,49.0
1822,33.0
1823,66.0
1824,27.0
1825,25.0
1826,26.0
1827,42.0
1828,22.0
1829,24.0
1830,59.0
1831,62.0
1832,14.0
1833,31.0
1834,12.0
1835,12.0
1836,12.0
1837,12.0
1838,11.0
1839,13.0
1840,12.0
1841,10.0
1842,13.0
1843,12.0
1844,10.0
1845,62.0
1846,54.0
1847,65.0
1848,48.0
1849,41.0
1850,56.0
1851,41.0
1852,40.0
1853,44.0
1854,36.0
1855,40.0
1856,40.0
1857,18.0
1858,26.0
1859,22.0
1860,22.0
1861,22.0
1862,19.0
1863,12.0
1864,13.0
1865,13.0
1866,11.0
1867,12.0
1868,10.0
1869,38.0
1870,20.0
1871,42.0
1872,17.0
1873,16.0
1874,16.0
1875,15.0
1876,14.0
1877,16.0
1878,12.0
1879,12.0
1880,13.0
1881,57.0
1882,33.0
1883,34.0
1884,50.0
1885,39.0
1886,53.0
1887,35.0
1888,31.0
1889,34.0
1890,43.0
1891,34.0
1892,38.0
1893,30.0
1894,0.0
1895,0.0
1896,0.0
1897,0.0
1898,0.0
1899,0.0
1900,0.0
1901,0.0
1902,0.0
1903,0.0
1904,0.0
1905,10.0
1906,46.0
1907,16.0
1908,9.0
1909,5.0
1910,7.0
1911,10.0
1912,7.0
1913,5.0
1914,7.0
1915,5.0
1916,6.0
1917,7.0
1918,10.0
1919,18.0
1920,12.0
1921,11.0
1922,18.0
1923,9.0
1924,9.0
1925,8.0
1926,16.0
1927,7.0
1928,8.0
1929,9.0
1930,32.0
1931,49.0
1932,35.0
1933,26.0
1934,57.0
1935,31.0
1936,27.0
1937,26.0
1938,28.0
1939,25.0
1940,26.0
1941,24.0
1942,20.0
1943,25.0
1944,43.0
1945,20.0
1946,17.0
1947,27.0
1948,17.0
1949,25.0
1950,21.0
1951,26.0
1952,22.0
1953,67.0
1954,41.0
1955,19.0
1956,21.0
1957,16.0
1958,26.0
1959,19.0
1960,18.0
1961,14.0
1962,15.0
1963,17.0
1964,15.0
1965,20.0
1966,13.0
1967,12.0
1968,13.0
1969,14.0
1970,19.0
1971,10.0
1972,9.0
1973,10.0
1974,10.0
1975,12.0
1976,10.0
1977,11.0
1978,6.0
1979,6.0
1980,5.0
1981,6.0
1982,5.0
1983,5.0
1984,4.0
1985,5.0
1986,7.0
1987,8.0
1988,4.0
1989,3.0
1990,3.0
1991,6.0
1992,19.0
1993,15.0
1994,13.0
1995,8.0
1996,16.0
1997,9.0
1998,9.0
1999,10.0
2000,10.0
2001,11.0
2002,9.0
2003,27.0
2004,27.0
2005,27.0
2006,59.0
2007,39.0
2008,62.0
2009,38.0
2010,61.0
2011,25.0
2012,24.0
2013,0.0
2014,0.0
2015,0.0
2016,0.0
2017,0.0
2018,0.0
2019,0.0
2020,42.0
2021,31.0
2022,57.0
2023,55.0
2024,43.0
2025,30.0
2026,30.0
2027,31.0
2028,30.0
2029,28.0
2030,27.0
2031,31.0
2032,54.0
2033,25.0
2034,33.0
2035,16.0
2036,15.0
2037,16.0
2038,15.0
2039,40.0
2040,29.0
2041,12.0
2042,12.0
2043,13.0
2044,12.0
2045,19.0
2046,19.0
2047,24.0
2048,23.0
2049,20.0
2050,18.0
2051,21.0
2052,18.0
2053,19.0
2054,18.0
2055,17.0
2056,18.0
2057,19.0
2058,56.0
2059,18.0
2060,17.0
2061,25.0
2062,30.0
2063,26.0
2064,27.0
2065,58.0
2066,27.0
2067,28.0
2068,29.0
2069,67.0
2070,45.0
2071,26.0
2072,52.0
2073,24.0
2074,24.0
2075,1.0
2076,0.0
2077,0.0
2078,1.0
2079,0.0
2080,2.0
2081,0.0
2082,0.0
2083,0.0
2084,1.0
2085,0.0
2086,0.0
2087,36.0
2088,38.0
2089,41.0
2090,31.0
2091,32.0
2092,32.0
2093,29.0
2094,28.0
2095,33.0
2096,46.0
2097,29.0
2098,50.0
2099,25.0
2100,34.0
2101,12.0
2102,15.0
2103,10.0
2104,27.0
2105,15.0
2106,11.0
2107,34.0
2108,22.0
2109,15.0
2110,16.0
2111,9.0
2112,8.0
2113,27.0
2114,20.0
2115,47.0
2116,77.0
2117,46.0
2118,73.0
2119,52.0
2120,60.0
2121,32.0
2122,31.0
2123,29.0
2124,31.0
2125,27.0
2126,42.0
2127,44.0
2128,33.0
2129,31.0
2130,42.0
2131,33.0
2132,33.0
2133,31.0
2134,33.0
2135,28.0
2136,31.0
2137,31.0
2138,47.0
2139,28.0
2140,33.0
2141,62.0
2142,42.0
2143,35.0
2144,48.0
2145,32.0
2146,30.0
2147,36.0
2148,29.0
2149,27.0
2150,26.0
2151,67.0
2152,31.0
2153,28.0
2154,25.0
2155,27.0
2156,28.0
2157,43.0
2158,31.0
2159,32.0
2160,70.0
2161,28.0
2162,34.0
2163,40.0
2164,24.0
2165,23.0
2166,22.0
2167,7.0
2168,6.0
2169,4.0
2170,5.0
2171,34.0
2172,10.0
2173,3.0
2174,2.0
2175,2.0
2176,2.0
2177,4.0
2178,4.0
2179,5.0
2180,23.0
2181,21.0
2182,15.0
2183,34.0
2184,22.0
2185,33.0
2186,29.0
2187,15.0
2188,14.0
2189,14.0
2190,20.0
2191,22.0
2192,29.0
2193,31.0
2194,32.0
2195,30.0
2196,23.0
2197,47.0
2198,27.0
2199,21.0
2200,24.0
2201,25.0
2202,28.0
2203,2.0
2204,0.0
2205,0.0
2206,0.0
2207,0.0
2208,0.0
2209,0.0
2210,0.0
2211,1.0
2212,36.0
2213,13.0
2214,20.0
2215,13.0
2216,15.0
2217,14.0
2218,12.0
2219,12.0
2220,15.0
2221,13.0
2222,14.0
2223,10.0
2224,18.0
2225,18.0
2226,15.0
2227,16.0
2228,17.0
2229,17.0
2230,16.0
2231,13.0
2232,28.0
2233,16.0
2234,16.0
2235,10.0
2236,6.0
2237,9.0
2238,4.0
2239,5.0
2240,5.0
2241,5.0
2242,3.0
2243,3.0
2244,4.0
2245,3.0
2246,33.0
2247,47.0
2248,56.0
2249,28.0
2250,70.0
2251,31.0
2252,27.0
2253,30.0
2254,27.0
2255,3.0
2256,5.0
2257,1.0
2258,2.0
2259,1.0
2260,3.0
2261,1.0
2262,2.0
2263,1.0
2264,2.0
2265,0.0
2266,0.0
2267,1.0
2268,1.0
2269,0.0
2270,0.0
2271,1.0
2272,30.0
2273,20.0
2274,19.0
2275,34.0
2276,18.0
2277,25.0
2278,15.0
2279,16.0
2280,21.0
2281,14.0
2282,13.0
2283,17.0
2284,14.0
2285,12.0
2286,0.0
2287,14.0
2288,13.0
2289,11.0
2290,10.0
2291,0.0
2292,0.0
2293,0.0
2294,0.0
2295,0.0
2296,0.0
2297,0.0
2298,0.0
2299,0.0
2300,0.0
2301,0.0
2302,0.0
2303,0.0
2304,0.0
2305,0.0
2306,0.0
2307,0.0
2308,0.0
2309,0.0
2310,0.0
2311,0.0
2312,53.0
2313,36.0
2314,20.0
2315,28.0
2316,18.0
2317,17.0
2318,20.0
2319,16.0
2320,16.0
2321,17.0
2322,17.0
2323,5.0
2324,3.0
2325,3.0
2326,3.0
2327,1.0
2328,3.0
2329,55.0
2330,45.0
2331,60.0
2332,41.0
2333,35.0
2334,51.0
2335,27.0
2336,26.0
2337,35.0
2338,23.0
2339,1.0
2340,1.0
2341,1.0
2342,1.0
2343,1.0
2344,1.0
2345,1.0
2346,1.0
2347,2.0
2348,4.0
2349,7.0
2350,5.0
2351,3.0
2352,3.0
2353,4.0
2354,1.0
2355,2.0
2356,1.0
2357,3.0
2358,1.0
2359,1.0
2360,2.0
2361,0.0
2362,1.0
2363,0.0
2364,5.0
2365,1.0
2366,0.0
2367,0.0
2368,2.0
2369,0.0
2370,0.0
2371,0.0
2372,0.0
2373,8.0
2374,9.0
2375,8.0
2376,12.0
2377,9.0
2378,12.0
2379,7.0
2380,7.0
2381,7.0
2382,12.0
2383,7.0
2384,6.0
2385,3.0
2386,2.0
2387,3.0
2388,2.0
2389,3.0
2390,2.0
2391,3.0
2392,1.0
2393,2.0
2394,2.0
2395,1.0
2396,0.0
2397,0.0
2398,0.0
2399,0.0
2400,0.0
2401,0.0
2402,0.0
2403,0.0
2404,0.0
2405,0.0
2406,1.0
2407,0.0
2408,1.0
2409,0.0
2410,17.0
2411,25.0
2412,36.0
2413,23.0
2414,19.0
2415,21.0
2416,23.0
2417,44.0
2418,31.0
2419,19.0
2420,15.0
2421,21.0
2422,14.0
2423,16.0
2424,24.0
2425,24.0
2426,21.0
2427,13.0
2428,14.0
2429,5.0
2430,11.0
2431,6.0
2432,61.0
2433,58.0
2434,71.0
2435,53.0
2436,65.0
2437,50.0
2438,50.0
2439,58.0
2440,49.0
2441,49.0
2442,48.0
2443,48.0
2444,50.0
2445,41.0
2446,40.0
2447,40.0
2448,39.0
2449,8.0
2450,2.0
2451,4.0
2452,2.0
2453,2.0
2454,2.0
2455,48.0
2456,43.0
2457,68.0
2458,42.0
2459,66.0
2460,43.0
2461,59.0
2462,42.0
2463,38.0
2464,35.0
2465,50.0
2466,36.0
2467,34.0
2468,0.0
2469,0.0
2470,0.0
2471,0.0
2472,0.0
2473,0.0
2474,0.0
2475,0.0
2476,0.0
2477,0.0
2478,0.0
2479,0.0
2480,0.0
2481,0.0
2482,0.0
2483,6.0
2484,15.0
2485,13.0
2486,5.0
2487,3.0
2488,3.0
2489,6.0
2490,4.0
2491,5.0
2492,3.0
2493,2.0
2494,6.0
2495,0.0
2496,0.0
2497,0.0
2498,0.0
2499,2.0
2500,0.0
2501,0.0
2502,0.0
2503,0.0
2504,0.0
2505,0.0
2506,0.0
2507,0.0
2508,0.0
2509,43.0
2510,39.0
2511,38.0
2512,33.0
2513,25.0
2514,21.0
2515,28.0
2516,24.0
2517,24.0
2518,30.0
2519,28.0
2520,37.0
2521,43.0
2522,23.0
2523,1.0
2524,1.0
2525,1.0
2526,1.0
2527,1.0
2528,1.0
2529,1.0
2530,1.0
2531,0.0
2532,1.0
2533,2.0
2534,0.0
2535,0.0
2536,0.0
2537,0.0
2538,0.0
2539,0.0
2540,0.0
2541,0.0
2542,1.0
2543,0.0
2544,0.0
2545,0.0
2546,0.0
2547,0.0
2548,0.0
2549,0.0
2550,0.0
2551,0.0
2552,0.0
2553,0.0
2554,44.0
2555,34.0
2556,59.0
2557,30.0
2558,27.0
2559,45.0
2560,28.0
2561,32.0
2562,31.0
2563,30.0
2564,29.0
2565,27.0
2566,30.0
2567,23.0
2568,36.0
2569,32.0
2570,4.0
2571,50.0
2572,35.0
2573,41.0
2574,35.0
2575,33.0
2576,40.0
2577,34.0
2578,39.0
2579,35.0
2580,33.0
2581,34.0
2582,37.0
2583,0.0
2584,0.0
2585,0.0
2586,0.0
2587,0.0
2588,0.0
2589,0.0
2590,53.0
2591,60.0
2592,73.0
2593,61.0
2594,54.0
2595,59.0
2596,57.0
2597,76.0
2598,71.0
2599,51.0
2600,50.0
2601,52.0
2602,47.0
2603,49.0
2604,64.0
2605,66.0
2606,58.0
2607,0.0
2608,0.0
2609,0.0
2610,0.0
2611,0.0
2612,0.0
2613,2.0
2614,3.0
2615,1.0
2616,0.0
2617,0.0
2618,0.0
2619,0.0
2620,0.0
2621,0.0
2622,0.0
2623,2.0
2624,1.0
2625,0.0
2626,0.0
2627,0.0
2628,0.0
2629,0.0
2630,0.0
2631,0.0
2632,0.0
2633,
2634,
2635,
2636,
2637,
2638,
2639,
2640,
2641,
2642,
2643,
2644,
2645,
2646,
2647,
2648,
2649,
2650,
2651,
2652,
2653,
2654,
2655,
2656,
2657,
2658,
2659,
2660,
2661,
2662,
2663,
2664,
2665,
2666,
2667,
2668,
2669,
2670,
2671,
2672,
2673,
2674,
2675,
2676,
2677,
2678,
2679,
2680,
2681,
2682,
2683,
2684,
2685,
2686,
2687,
2688,
2689,
2690,
2691,
2692,
2693,
2694,
2695,
2696,
2697,
2698,
2699,
2700,
2701,
2702,
2703,
2704,
2705,
2706,
2707,
2708,
2709,
2710,
2711,
2712,
2713,
2714,
2715,
2716,
2717,
2718,
2719,
2720,
2721,
2722,
2723,
2724,
2725,
2726,
2727,
2728,
2729,
2730,
2731,
2732,
2733,
2734,
2735,
2736,
2737,
2738,
2739,
2740,
2741,
2742,
2743,
2744,
2745,
2746,
2747,
2748,
2749,
2750,
2751,
2752,
2753,
2754,
2755,
2756,
2757,
2758,
2759,
2760,
2761,
2762,
2763,
2764,
2765,
2766,
2767,
2768,
2769,
2770,
2771,
2772,
2773,
2774,
2775,
2776,
2777,
2778,
2779,
2780,
2781,
2782,
2783,
2784,
2785,
2786,
2787,
2788,
2789,
2790,
2791,
2792,
2793,
2794,
2795,
2796,
2797,
2798,
2799,
2800,
2801,
2802,
2803,
2804,
2805,
2806,
2807,
2808,
2809,
2810,
2811,
2812,
2813,
2814,
2815,
2816,
2817,
2818,
2819,
2820,
2821,
2822,
2823,
2824,
2825,
2826,
2827,
2828,
2829,
2830,
2831,
2832,
2833,
2834,
2835,
2836,
2837,
2838,
2839,
2840,
2841,
2842,
2843,
2844,
2845,
2846,
2847,
2848,
2849,
2850,
2851,
2852,
2853,
2854,
2855,
2856,
2857,
2858,
2859,
2860,
2861,
2862,
2863,
2864,
2865,
2866,
2867,
2868,
2869,
2870,
2871,
2872,
2873,
2874,
2875,
2876,
2877,
2878,
2879,
2880,
2881,
2882,
2883,
2884,
2885,
2886,
2887,
2888,
2889,
2890,
2891,
2892,
2893,
2894,
2895,
2896,
2897,
2898,
2899,
2900,
2901,
2902,
2903,
2904,
2905,
2906,
2907,
2908,
2909,
2910,
2911,
2912,
2913,
2914,
2915,
2916,
2917,
2918,
2919,
2920,
2921,
2922,
2923,
2924,
2925,
2926,
2927,
2928,
2929,
2930,
2931,
2932,
2933,
2934,
2935,
2936,
2937,
2938,
2939,
2940,
2941,
2942,
2943,
2944,
2945,
2946,
2947,
2948,
2949,
2950,
2951,
2952,
2953,
2954,
2955,
2956,
2957,
2958,
2959,
2960,
2961,
2962,
2963,
2964,
2965,
2966,
2967,
2968,
2969,
2970,
2971,
2972,
2973,
2974,
2975,
2976,
2977,
2978,
2979,
2980,
2981,
2982,
2983,
2984,
2985,
2986,
2987,
2988,
2989,
2990,
2991,
2992,
2993,
2994,
2995,
2996,
2997,
2998,
2999,
3000,
3001,
3002,
3003,
3004,
3005,
3006,
3007,
3008,
3009,
3010,
3011,
3012,
3013,
3014,
3015,
3016,
3017,
3018,
3019,
3020,
3021,
3022,
3023,
3024,
3025,
3026,
3027,
3028,
3029,
3030,
3031,
3032,
3033,
3034,
3035,
3036,
3037,
3038,
3039,
3040,
3041,
3042,
3043,
3044,
3045,
3046,
3047,
3048,
3049,
3050,
3051,
3052,
3053,
3054,
3055,
3056,
3057,
3058,
3059,
3060,
3061,
3062,
3063,
3064,
3065,
3066,
3067,
3068,
3069,
3070,
3071,
3072,
3073,
3074,
3075,
3076,
3077,
3078,
3079,
3080,
3081,
3082,
3083,
3084,
3085,
3086,
3087,
3088,
3089,
3090,
3091,
3092,
3093,
3094,
3095,
3096,
3097,
3098,
3099,
3100,
3101,
3102,
3103,
3104,
3105,
3106,
3107,
3108,
3109,
3110,
3111,
3112,
3113,
3114,
3115,
3116,
3117,
3118,
3119,
3120,
3121,
3122,
3123,
3124,
3125,
3126,
3127,
3128,
3129,
3130,
3131,
3132,
3133,
3134,
3135,
3136,
3137,
3138,
3139,
3140,
3141,
3142,
3143,
3144,
3145,
3146,
3147,
3148,
3149,
3150,
3151,
3152,
3153,
3154,
3155,
3156,
3157,
3158,
3159,
3160,
3161,
3162,
3163,
3164,
3165,
3166,
3167,
3168,
3169,
3170,
3171,
3172,
3173,
3174,
3175,
3176,
3177,
3178,
3179,
3180,
3181,
3182,
3183,
3184,
3185,
3186,
3187,
3188,
3189,
3190,
3191,
3192,
3193,
3194,
3195,
3196,
3197,
3198,
3199,
3200,
3201,
3202,
3203,
3204,
3205,
3206,
3207,
3208,
3209,
3210,
3211,
3212,
3213,
3214,
3215,
3216,
3217,
3218,
3219,
3220,
3221,
3222,
3223,
3224,
3225,
3226,
3227,
3228,
3229,
3230,
3231,
3232,
3233,
3234,
3235,
3236,
3237,
3238,
3239,
3240,
3241,
3242,
3243,
3244,
3245,
3246,
3247,
3248,
3249,
3250,
3251,
3252,
3253,
3254,
3255,
3256,
3257,
3258,
3259,
3260,
3261,
3262,
3263,
3264,
3265,
3266,
3267,
3268,
3269,
3270,
3271,
3272,
3273,
3274,
3275,
3276,
3277,
3278,
3279,
3280,
3281,
3282,
3283,
3284,
3285,
3286,
3287,
3288,
3289,
3290,
3291,
3292,
3293,
3294,
3295,
3296,
3297,
3298,
3299,
3300,
3301,
3302,
3303,
3304,
3305,
3306,
3307,
3308,
3309,
3310,
3311,
3312,
3313,
3314,
3315,
3316,
3317,
3318,
3319,
3320,
3321,
3322,
3323,
3324,
3325,
3326,
3327,
3328,
3329,
3330,
3331,
3332,
3333,
3334,
3335,
3336,
3337,
3338,
3339,
3340,
3341,
3342,
3343,
3344,
3345,
3346,
3347,
3348,
3349,
3350,
3351,
3352,
3353,
3354,
3355,
3356,
3357,
3358,
3359,
3360,
3361,
3362,
3363,
3364,
3365,
3366,
3367,
3368,
3369,
3370,
3371,
3372,
3373,
3374,
3375,
3376,
3377,
3378,
3379,
3380,
3381,
3382,
3383,
3384,
3385,
3386,
3387,
3388,
3389,
3390,
3391,
3392,
3393,
3394,
3395,
3396,
3397,
3398,
3399,
3400,
3401,
3402,
3403,
3404,
3405,
3406,
3407,
3408,
3409,
3410,
3411,
3412,
3413,
3414,
3415,
3416,
3417,
3418,
3419,
3420,
3421,
3422,
3423,
3424,
3425,
3426,
3427,
3428,
3429,
3430,
3431,
3432,
3433,
3434,
3435,
3436,
3437,
3438,
3439,
3440,
3441,
3442,
3443,
3444,
3445,
3446,
3447,
3448,
3449,
3450,
3451,
3452,
3453,
3454,
3455,
3456,
3457,
3458,
3459,
3460,
3461,
3462,
3463,
3464,
3465,
3466,
3467,
3468,
3469,
3470,
3471,
3472,
3473,
3474,
3475,
3476,
3477,
3478,
3479,
3480,
3481,
3482,
3483,
3484,
3485,
3486,
3487,
3488,
3489,
3490,
3491,
3492,
3493,
3494,
3495,
3496,
3497,
3498,
3499,
3500,
3501,
3502,
3503,
3504,
3505,
3506,
3507,
3508,
3509,
3510,
3511,
3512,
3513,
3514,
3515,
3516,
3517,
3518,
3519,
3520,
3521,
3522,
3523,
3524,
3525,
3526,
3527,
3528,
3529,
3530,
3531,
3532,
3533,
3534,
3535,
3536,
3537,
3538,
3539,
3540,
3541,
3542,
3543,
3544,
3545,
3546,
3547,
3548,
3549,
3550,
3551,
3552,
3553,
3554,
3555,
3556,
3557,
3558,
3559,
3560,
3561,
3562,
3563,
3564,
3565,
3566,
3567,
3568,
3569,
3570,
3571,
3572,
3573,
3574,
3575,
3576,
3577,
3578,
3579,
3580,
3581,
3582,
3583,
3584,
3585,
3586,
3587,
3588,
3589,
3590,
3591,
3592,
3593,
3594,
3595,
3596,
3597,
3598,
3599,
3600,
3601,
3602,
3603,
3604,
3605,
3606,
3607,
3608,
3609,
3610,
3611,
3612,
3613,
3614,
3615,
3616,
3617,
3618,
3619,
3620,
3621,
3622,
3623,
3624,
3625,
3626,
3627,
3628,
3629,
3630,
3631,
3632,
3633,
3634,
3635,
3636,
3637,
3638,
3639,
3640,
3641,
3642,
3643,
3644,
3645,
3646,
3647,
3648,
3649,
3650,
3651,
3652,
3653,
3654,
3655,
3656,
3657,
3658,
3659,
3660,
3661,
3662,
3663,
3664,
3665,
3666,
3667,
3668,
3669,
3670,
3671,
3672,
3673,
3674,
3675,
3676,
3677,
3678,
3679,
3680,
3681,
3682,
3683,
3684,
3685,
3686,
3687,
3688,
3689,
3690,
3691,
3692,
3693,
3694,
3695,
3696,
3697,
3698,
3699,
3700,
3701,
3702,
3703,
3704,
3705,
3706,
3707,
3708,
3709,
3710,
3711,
3712,
3713,
3714,
3715,
3716,
3717,
3718,
3719,
3720,
3721,
3722,
3723,
3724,
3725,
3726,
3727,
3728,
3729,
3730,
3731,
3732,
3733,
3734,
3735,
3736,
3737,
3738,
3739,
3740,
3741,
3742,
3743,
3744,
3745,
3746,
3747,
3748,
3749,
3750,
3751,
3752,
3753,
3754,
3755,
3756,
3757,
3758,
3759,
3760,
3761,
3762,
3763,
3764,
3765,
3766,
3767,
3768,
3769,
3770,
3771,
3772,
3773,
3774,
3775,
3776,
3777,
3778,
3779,
3780,
3781,
3782,
3783,
3784,
3785,
3786,
3787,
3788,
3789,
3790,
3791,
3792,
3793,
3794,
3795,
3796,
3797,
3798,
3799,
3800,
3801,
3802,
3803,
3804,
3805,
3806,
3807,
3808,
3809,
3810,
3811,
3812,
3813,
3814,
3815,
3816,
3817,
3818,
3819,
3820,
3821,
3822,
3823,
3824,
3825,
3826,
3827,
3828,
3829,
3830,
3831,
3832,
3833,
3834,
3835,
3836,
3837,
3838,
3839,
3840,
3841,
3842,
3843,
3844,
3845,
3846,
3847,
3848,
3849,
3850,
3851,
3852,
3853,
3854,
3855,
3856,
3857,
3858,
3859,
3860,
3861,
3862,
3863,
3864,
3865,
3866,
3867,
3868,
3869,
3870,
3871,
3872,
3873,
3874,
3875,
3876,
3877,
3878,
3879,
3880,
3881,
3882,
3883,
3884,
3885,
3886,
3887,
3888,
3889,
3890,
3891,
3892,
3893,
3894,
3895,
3896,
3897,
3898,
3899,
3900,
3901,
3902,
3903,
3904,
3905,
3906,
3907,
3908,
3909,
3910,
3911,
3912,
3913,
3914,
3915,
3916,
3917,
3918,
3919,
3920,
3921,
3922,
3923,
3924,
3925,
3926,
3927,
3928,
3929,
3930,
3931,
3932,
3933,
3934,
3935,
3936,
3937,
3938,
3939,
3940,
3941,
3942,
3943,
3944,
3945,
3946,
3947,
3948,
3949,
3950,
3951,
3952,
3953,
3954,
3955,
3956,
3957,
3958,
3959,
3960,
3961,
3962,
3963,
3964,
3965,
3966,
3967,
3968,
3969,
3970,
3971,
3972,
3973,
3974,
3975,
3976,
3977,
3978,
3979,
3980,
3981,
3982,
3983,
3984,
3985,
3986,
3987,
3988,
3989,
3990,
3991,
3992,
3993,
3994,
3995,
3996,
3997,
3998,
3999,
4000,
4001,
4002,
4003,
4004,
4005,
4006,
4007,
4008,
4009,
4010,
4011,
4012,
4013,
4014,
4015,
4016,
4017,
4018,
4019,
4020,
4021,
4022,
4023,
4024,
4025,
4026,
4027,
4028,
4029,
4030,
4031,
4032,
4033,
4034,
4035,
4036,
4037,
4038,
4039,
4040,
4041,
4042,
4043,
4044,
4045,
4046,
4047,
4048,
4049,
4050,
4051,
4052,
4053,
4054,
4055,
4056,
4057,
4058,
4059,
4060,
4061,
4062,
4063,
4064,
4065,
4066,
4067,
4068,
4069,
4070,
4071,
4072,
4073,
4074,
4075,
4076,
4077,
4078,
4079,
4080,
4081,
4082,
4083,
4084,
4085,
4086,
4087,
4088,
4089,
4090,
4091,
4092,
4093,
4094,
4095,
4096,
4097,
4098,
4099,
4100,
4101,
4102,
4103,
4104,
4105,
4106,
4107,
4108,
4109,
4110,
4111,
4112,
4113,
4114,
4115,
4116,
4117,
4118,
4119,
4120,
4121,
4122,
4123,
4124,
4125,
4126,
4127,
4128,
4129,
4130,
4131,
4132,
4133,
4134,
4135,
4136,
4137,
4138,
4139,
4140,
4141,
4142,
4143,
4144,
4145,
4146,
4147,
4148,
4149,
4150,
4151,
4152,
4153,
4154,
4155,
4156,
4157,
4158,
4159,
4160,
4161,
4162,
4163,
4164,
4165,
4166,
4167,
4168,
4169,
4170,
4171,
4172,
4173,
4174,
4175,
4176,
4177,
4178,
4179,
4180,
4181,
4182,
4183,
4184,
4185,
4186,
4187,
4188,
4189,
4190,
4191,
4192,
4193,
4194,
4195,
4196,
4197,
4198,
4199,
4200,
4201,
4202,
4203,
4204,
4205,
4206,
4207,
4208,
4209,
4210,
4211,
4212,
4213,
4214,
4215,
4216,
4217,
4218,
4219,
4220,
4221,
4222,
4223,
4224,
4225,
4226,
4227,
4228,
4229,
4230,
4231,
4232,
4233,
4234,
4235,
4236,
4237,
4238,
4239,
4240,
4241,
4242,
4243,
4244,
4245,
4246,
4247,
4248,
4249,
4250,
4251,
4252,
4253,
4254,
4255,
4256,
4257,
4258,
4259,
4260,
4261,
4262,
4263,
4264,
4265,
4266,
4267,
4268,
4269,
4270,
4271,
4272,
4273,
4274,
4275,
4276,
4277,
4278,
4279,
4280,
4281,
4282,
4283,
4284,
4285,
4286,
4287,
4288,
4289,
4290,
4291,
4292,
4293,
4294,
4295,
4296,
4297,
4298,
4299,
4300,
4301,
4302,
4303,
4304,
4305,
4306,
4307,
4308,
4309,
4310,
4311,
4312,
4313,
4314,
4315,
4316,
4317,
4318,
4319,
4320,
4321,
4322,
4323,
4324,
4325,
4326,
4327,
4328,
4329,
4330,
4331,
4332,
4333,
4334,
4335,
4336,
4337,
4338,
4339,
4340,
4341,
4342,
4343,
4344,
4345,
4346,
4347,
4348,
4349,
4350,
4351,
4352,
4353,
4354,
4355,
4356,
4357,
4358,
4359,
4360,
4361,
4362,
4363,
4364,
4365,
4366,
4367,
4368,
4369,
4370,
4371,
4372,
4373,
4374,
4375,
4376,
4377,
4378,
4379,
4380,
4381,
4382,
4383,
4384,
4385,
4386,
4387,
4388,
4389,
4390,
4391,
4392,
4393,
4394,
4395,
4396,
4397,
4398,
4399,
4400,
4401,
4402,
4403,
4404,
4405,
4406,
4407,
4408,
4409,
4410,
4411,
4412,
4413,
4414,
4415,
4416,
4417,
4418,
4419,
4420,
4421,
4422,
4423,
4424,
4425,
4426,
4427,
4428,
4429,
4430,
4431,
4432,
4433,
4434,
4435,
4436,
4437,
4438,
4439,
4440,
4441,
4442,
4443,
4444,
4445,
4446,
4447,
4448,
4449,
4450,
4451,
4452,
4453,
4454,
4455,
4456,
4457,
4458,
4459,
4460,
4461,
4462,
4463,
4464,
4465,
4466,
4467,
4468,
4469,
4470,
4471,
4472,
4473,
4474,
4475,
4476,
4477,
4478,
4479,
4480,
4481,
4482,
4483,
4484,
4485,
4486,
4487,
4488,
4489,
4490,
4491,
4492,
4493,
4494,
4495,
4496,
4497,
4498,
4499,
4500,
4501,
4502,
4503,
4504,
4505,
4506,
4507,
4508,
4509,
4510,
4511,
4512,
4513,
4514,
4515,
4516,
4517,
4518,
4519,
4520,
4521,
4522,
4523,
4524,
4525,
4526,
4527,
4528,
4529,
4530,
4531,
4532,
4533,
4534,
4535,
4536,
4537,
4538,
4539,
4540,
4541,
4542,
4543,
4544,
4545,
4546,
4547,
4548,
4549,
4550,
4551,
4552,
4553,
4554,
4555,
4556,
4557,
4558,
4559,
4560,
4561,
4562,
4563,
4564,
4565,
4566,
4567,
4568,
4569,
4570,
4571,
4572,
4573,
4574,
4575,
4576,
4577,
4578,
4579,
4580,
4581,
4582,
4583,
4584,
4585,
4586,
4587,
4588,
4589,
4590,
4591,
4592,
4593,
4594,
4595,
4596,
4597,
4598,
4599,
4600,
4601,
4602,
4603,
4604,
4605,
4606,
4607,
4608,
4609,
4610,
4611,
4612,
4613,
4614,
4615,
4616,
4617,
4618,
4619,
4620,
4621,
4622,
4623,
4624,
4625,
4626,
4627,
4628,
4629,
4630,
4631,
4632,
4633,
4634,
4635,
4636,
4637,
4638,
4639,
4640,
4641,
4642,
4643,
4644,
4645,
4646,
4647,
4648,
4649,
4650,
4651,
4652,
4653,
4654,
4655,
4656,
4657,
4658,
4659,
4660,
4661,
4662,
4663,
4664,
4665,
4666,
4667,
4668,
4669,
4670,
4671,
4672,
4673,
4674,
4675,
4676,
4677,
4678,
4679,
4680,
4681,
4682,
4683,
4684,
4685,
4686,
4687,
4688,
4689,
4690,
4691,
4692,
4693,
4694,
4695,
4696,
4697,
4698,
4699,
4700,
4701,
4702,
4703,
4704,
4705,
4706,
4707,
4708,
4709,
4710,
4711,
4712,
4713,
4714,
4715,
4716,
4717,
4718,
4719,
4720,
4721,
4722,
4723,
4724,
4725,
4726,
4727,
4728,
4729,
4730,
4731,
4732,
4733,
4734,
4735,
4736,
4737,
4738,
4739,
4740,
4741,
4742,
4743,
4744,
4745,
4746,
4747,
4748,
4749,
4750,
4751,
4752,
4753,
4754,
4755,
4756,
4757,
4758,
4759,
4760,
4761,
4762,
4763,
4764,
4765,
4766,
4767,
4768,
4769,
4770,
4771,
4772,
4773,
4774,
4775,
4776,
4777,
4778,
4779,
4780,
4781,
4782,
4783,
4784,
4785,
4786,
4787,
4788,
4789,
4790,
4791,
4792,
4793,
4794,
4795,
4796,
4797,
4798,
4799,
4800,
4801,
4802,
4803,
4804,
4805,
4806,
4807,
4808,
4809,
4810,
4811,
4812,
4813,
4814,
4815,
4816,
4817,
4818,
4819,
4820,
4821,
4822,
4823,
4824,
4825,
4826,
4827,
4828,
4829,
4830,
4831,
4832,
4833,
4834,
4835,
4836,
4837,
4838,
4839,
4840,
4841,
4842,
4843,
4844,
4845,
4846,
4847,
4848,
4849,
4850,
4851,
4852,
4853,
4854,
4855,
4856,
4857,
4858,
4859,
4860,
4861,
4862,
4863,
4864,
4865,
4866,
4867,
4868,
4869,
4870,
4871,
4872,
4873,
4874,
4875,
4876,
4877,
4878,
4879,
4880,
4881,
4882,
4883,
4884,
4885,
4886,
4887,
4888,
4889,
4890,
4891,
4892,
4893,
4894,
4895,
4896,
4897,
4898,
4899,
4900,
4901,
4902,
4903,
4904,
4905,
4906,
4907,
4908,
4909,
4910,
4911,
4912,
4913,
4914,
4915,
4916,
4917,
4918,
4919,
4920,
4921,
4922,
4923,
4924,
4925,
4926,
4927,
4928,
4929,
4930,
4931,
4932,
4933,
4934,
4935,
4936,
4937,
4938,
4939,
4940,
4941,
4942,
4943,
4944,
4945,
4946,
4947,
4948,
4949,
4950,
4951,
4952,
4953,
4954,
4955,
4956,
4957,
4958,
4959,
4960,
4961,
4962,
4963,
4964,
4965,
4966,
4967,
4968,
4969,
4970,
4971,
4972,
4973,
4974,
4975,
4976,
4977,
4978,
4979,
4980,
4981,
4982,
4983,
4984,
4985,
4986,
4987,
4988,
4989,
4990,
4991,
4992,
4993,
4994,
4995,
4996,
4997,
4998,
4999,
5000,
5001,
5002,
5003,
5004,
5005,
5006,
5007,
5008,
5009,
5010,
5011,
5012,
5013,
5014,
5015,
5016,
5017,
5018,
5019,
5020,
5021,
5022,
5023,
5024,
5025,
5026,
5027,
5028,
5029,
5030,
5031,
5032,
5033,
5034,
5035,
5036,
5037,
5038,
5039,
5040,
5041,
5042,
5043,
5044,
5045,
5046,
5047,
5048,
5049,
5050,
5051,
5052,
5053,
5054,
5055,
5056,
5057,
5058,
5059,
5060,
5061,
5062,
5063,
5064,
5065,
5066,
5067,
5068,
5069,
5070,
5071,
5072,
5073,
5074,
5075,
5076,
5077,
5078,
5079,
5080,
5081,
5082,
5083,
5084,
5085,
5086,
5087,
5088,
5089,
5090,
5091,
5092,
5093,
5094,
5095,
5096,
5097,
5098,
5099,
5100,
5101,
5102,
5103,
5104,
5105,
5106,
5107,
5108,
5109,
5110,
5111,
5112,
5113,
5114,
5115,
5116,
5117,
5118,
5119,
5120,
5121,
5122,
5123,
5124,
5125,
5126,
5127,
5128,
5129,
5130,
5131,
5132,
5133,
5134,
5135,
5136,
5137,
5138,
5139,
5140,
5141,
5142,
5143,
5144,
5145,
5146,
5147,
5148,
5149,
5150,
5151,
5152,
5153,
5154,
5155,
5156,
5157,
5158,
5159,
5160,
5161,
5162,
5163,
5164,
5165,
5166,
5167,
5168,
5169,
5170,
5171,
5172,
5173,
5174,
5175,
5176,
5177,
5178,
5179,
5180,
5181,
5182,
5183,
5184,
5185,
5186,
5187,
5188,
5189,
5190,
5191,
5192,
5193,
5194,
5195,
5196,
5197,
5198,
5199,
5200,
5201,
5202,
5203,
5204,
5205,
5206,
5207,
5208,
5209,
5210,
5211,
5212,
5213,
5214,
5215,
5216,
5217,
5218,
5219,
5220,
5221,
5222,
5223,
5224,
5225,
5226,
5227,
5228,
5229,
5230,
5231,
5232,
5233,
5234,
5235,
5236,
5237,
5238,
5239,
5240,
5241,
5242,
5243,
5244,
5245,
5246,
5247,
5248,
5249,
5250,
5251,
5252,
5253,
5254,
5255,
5256,
5257,
5258,
5259,
5260,
5261,
5262,
5263,
5264,
5265,
5266,
5267,
5268,
5269,
5270,
5271,
5272,
5273,
5274,
5275,
5276,
5277,
5278,
5279,
5280,
5281,
5282,
5283,
5284,
5285,
5286,
5287,
5288,
5289,
5290,
5291,
5292,
5293,
5294,
5295,
5296,
5297,
5298,
5299,
5300,
5301,
5302,
5303,
5304,
5305,
5306,
5307,
5308,
5309,
5310,
5311,
5312,
5313,
5314,
5315,
5316,
5317,
5318,
5319,
5320,
